run,impl,threads,size,mix,mean_ops_per_sec,std_within_run
1,coarse,1,1024,read_heavy,989050,14482
1,coarse,1,1024,read_snap_short,984787,4030
1,coarse,1,1024,write_heavy,990996,1462
1,coarse,1,1024,write_snap_long,879875,1265
1,coarse,1,16384,read_heavy,28123,28
1,coarse,1,16384,read_snap_short,27930,11
1,coarse,1,16384,write_heavy,27943,15
1,coarse,1,16384,write_snap_long,25402,2
1,coarse,2,1024,read_heavy,409667,6701
1,coarse,2,1024,read_snap_short,414505,2056
1,coarse,2,1024,write_heavy,492887,3347
1,coarse,2,1024,write_snap_long,422429,4160
1,coarse,2,16384,read_heavy,26133,77
1,coarse,2,16384,read_snap_short,26020,63
1,coarse,2,16384,write_heavy,25894,12
1,coarse,2,16384,write_snap_long,23703,34
1,coarse,4,1024,read_heavy,420456,5003
1,coarse,4,1024,read_snap_short,433540,4214
1,coarse,4,1024,write_heavy,489552,8642
1,coarse,4,1024,write_snap_long,428779,6698
1,coarse,4,16384,read_heavy,26247,194
1,coarse,4,16384,read_snap_short,26183,46
1,coarse,4,16384,write_heavy,25870,293
1,coarse,4,16384,write_snap_long,23857,18
1,coarse,8,1024,read_heavy,411766,4523
1,coarse,8,1024,read_snap_short,428496,4837
1,coarse,8,1024,write_heavy,484308,4376
1,coarse,8,1024,write_snap_long,421635,2689
1,coarse,8,16384,read_heavy,25940,156
1,coarse,8,16384,read_snap_short,33616,13581
1,coarse,8,16384,write_heavy,25586,141
1,coarse,8,16384,write_snap_long,23441,158
1,coarse,16,1024,read_heavy,413038,1645
1,coarse,16,1024,read_snap_short,423272,4233
1,coarse,16,1024,write_heavy,466659,2719
1,coarse,16,1024,write_snap_long,412748,800
1,coarse,16,16384,read_heavy,22975,204
1,coarse,16,16384,read_snap_short,23257,178
1,coarse,16,16384,write_heavy,22829,151
1,coarse,16,16384,write_snap_long,20338,29
1,coarse,24,1024,read_heavy,405693,2215
1,coarse,24,1024,read_snap_short,411301,3016
1,coarse,24,1024,write_heavy,458645,3597
1,coarse,24,1024,write_snap_long,407454,2760
1,coarse,24,16384,read_heavy,21230,177
1,coarse,24,16384,read_snap_short,20903,269
1,coarse,24,16384,write_heavy,20677,233
1,coarse,24,16384,write_snap_long,18845,47
1,coarse,32,1024,read_heavy,339047,2414
1,coarse,32,1024,read_snap_short,390399,2675
1,coarse,32,1024,write_heavy,431872,3079
1,coarse,32,1024,write_snap_long,384516,3158
1,coarse,32,16384,read_heavy,21732,225
1,coarse,32,16384,read_snap_short,21635,190
1,coarse,32,16384,write_heavy,21264,214
1,coarse,32,16384,write_snap_long,19592,266
1,coarse,48,1024,read_heavy,335669,2384
1,coarse,48,1024,read_snap_short,398791,1997
1,coarse,48,1024,write_heavy,401863,3422
1,coarse,48,1024,write_snap_long,395054,3993
1,coarse,48,16384,read_heavy,30176,16222
1,coarse,48,16384,read_snap_short,21031,103
1,coarse,48,16384,write_heavy,20417,43
1,coarse,48,16384,write_snap_long,18633,64
1,coarse,64,1024,read_heavy,321256,1536
1,coarse,64,1024,read_snap_short,354219,4545
1,coarse,64,1024,write_heavy,357267,2737
1,coarse,64,1024,write_snap_long,360066,1065
1,coarse,64,16384,read_heavy,21135,193
1,coarse,64,16384,read_snap_short,20993,18
1,coarse,64,16384,write_heavy,20954,192
1,coarse,64,16384,write_snap_long,21976,6816
1,mvrlu,1,1024,read_heavy,257875,206
1,mvrlu,1,1024,read_snap_short,256284,331
1,mvrlu,1,1024,write_heavy,261117,191
1,mvrlu,1,1024,write_snap_long,232923,408
1,mvrlu,1,16384,read_heavy,4955,100
1,mvrlu,1,16384,read_snap_short,5129,193
1,mvrlu,1,16384,write_heavy,4830,41
1,mvrlu,1,16384,write_snap_long,4071,16
1,mvrlu,2,1024,read_heavy,517615,3111
1,mvrlu,2,1024,read_snap_short,495343,805
1,mvrlu,2,1024,write_heavy,469273,1628
1,mvrlu,2,1024,write_snap_long,434119,1718
1,mvrlu,2,16384,read_heavy,14002,7570
1,mvrlu,2,16384,read_snap_short,10174,88
1,mvrlu,2,16384,write_heavy,9460,9
1,mvrlu,2,16384,write_snap_long,8076,7
1,mvrlu,4,1024,read_heavy,981456,81394
1,mvrlu,4,1024,read_snap_short,989393,1369
1,mvrlu,4,1024,write_heavy,907181,3143
1,mvrlu,4,1024,write_snap_long,855304,4672
1,mvrlu,4,16384,read_heavy,19772,55
1,mvrlu,4,16384,read_snap_short,19955,349
1,mvrlu,4,16384,write_heavy,18658,17
1,mvrlu,4,16384,write_snap_long,16277,14
1,mvrlu,8,1024,read_heavy,2011959,5693
1,mvrlu,8,1024,read_snap_short,1898245,6648
1,mvrlu,8,1024,write_heavy,1587125,11327
1,mvrlu,8,1024,write_snap_long,1566083,4476
1,mvrlu,8,16384,read_heavy,40267,155
1,mvrlu,8,16384,read_snap_short,39296,47
1,mvrlu,8,16384,write_heavy,37219,150
1,mvrlu,8,16384,write_snap_long,33089,8
1,mvrlu,16,1024,read_heavy,3881894,116914
1,mvrlu,16,1024,read_snap_short,3608615,49436
1,mvrlu,16,1024,write_heavy,2900871,28526
1,mvrlu,16,1024,write_snap_long,2830831,55898
1,mvrlu,16,16384,read_heavy,79307,498
1,mvrlu,16,16384,read_snap_short,77074,271
1,mvrlu,16,16384,write_heavy,72979,175
1,mvrlu,16,16384,write_snap_long,63819,55
1,mvrlu,24,1024,read_heavy,5770930,38657
1,mvrlu,24,1024,read_snap_short,5306204,27980
1,mvrlu,24,1024,write_heavy,4005997,28963
1,mvrlu,24,1024,write_snap_long,4042971,61726
1,mvrlu,24,16384,read_heavy,116665,431
1,mvrlu,24,16384,read_snap_short,112226,242
1,mvrlu,24,16384,write_heavy,107385,156
1,mvrlu,24,16384,write_snap_long,105304,21220
1,mvrlu,32,1024,read_heavy,7169101,8223
1,mvrlu,32,1024,read_snap_short,6939556,57286
1,mvrlu,32,1024,write_heavy,5034953,86742
1,mvrlu,32,1024,write_snap_long,5259725,68245
1,mvrlu,32,16384,read_heavy,156664,630
1,mvrlu,32,16384,read_snap_short,149595,375
1,mvrlu,32,16384,write_heavy,143657,174
1,mvrlu,32,16384,write_snap_long,124181,235
1,mvrlu,48,1024,read_heavy,9727435,42045
1,mvrlu,48,1024,read_snap_short,10204144,59244
1,mvrlu,48,1024,write_heavy,7367508,141836
1,mvrlu,48,1024,write_snap_long,7472631,47050
1,mvrlu,48,16384,read_heavy,231915,564
1,mvrlu,48,16384,read_snap_short,221011,592
1,mvrlu,48,16384,write_heavy,224203,14285
1,mvrlu,48,16384,write_snap_long,185518,614
1,mvrlu,64,1024,read_heavy,12099154,130522
1,mvrlu,64,1024,read_snap_short,11698332,203369
1,mvrlu,64,1024,write_heavy,7450378,218863
1,mvrlu,64,1024,write_snap_long,7796043,68241
1,mvrlu,64,16384,read_heavy,300848,1965
1,mvrlu,64,16384,read_snap_short,298365,6335
1,mvrlu,64,16384,write_heavy,286688,1219
1,mvrlu,64,16384,write_snap_long,243673,3907
1,vcas,1,1024,read_heavy,256639,30
1,vcas,1,1024,read_snap_short,247839,197
1,vcas,1,1024,write_heavy,232106,67
1,vcas,2,1024,read_heavy,510233,245
1,vcas,2,1024,read_snap_short,475616,741
1,vcas,2,1024,write_heavy,420537,128
1,vcas,4,1024,read_heavy,1007910,9031
1,vcas,4,1024,read_snap_short,949661,738
1,vcas,4,1024,write_heavy,818792,2225
1,vcas,8,1024,read_heavy,1960826,25689
1,vcas,8,1024,read_snap_short,1830834,9912
1,vcas,8,1024,write_heavy,1470927,7470
1,vcas,16,1024,read_heavy,3863222,16740
1,vcas,16,1024,read_snap_short,3516607,19602
1,vcas,16,1024,write_heavy,2711774,30854
1,vcas,24,1024,read_heavy,5695087,33267
1,vcas,24,1024,read_snap_short,5161772,29497
1,vcas,24,1024,write_heavy,3810540,30855
1,vcas,32,1024,read_heavy,7394751,88994
1,vcas,32,1024,write_heavy,4849431,57670
1,vcas,48,1024,read_heavy,9870993,13103
1,vcas,48,1024,write_heavy,6918155,50410
1,vcas,64,1024,read_heavy,12290154,87983
1,vcas,64,1024,write_heavy,7393876,81207
2,coarse,1,1024,read_heavy,987364,13662
2,coarse,1,1024,read_snap_short,974260,2853
2,coarse,1,1024,write_heavy,988510,9419
2,coarse,1,1024,write_snap_long,878368,1961
2,coarse,1,16384,read_heavy,28135,31
2,coarse,1,16384,read_snap_short,27915,28
2,coarse,1,16384,write_heavy,27889,7
2,coarse,1,16384,write_snap_long,25405,23
2,coarse,2,1024,read_heavy,406155,3427
2,coarse,2,1024,read_snap_short,416682,6431
2,coarse,2,1024,write_heavy,481402,3047
2,coarse,2,1024,write_snap_long,422845,2134
2,coarse,2,16384,read_heavy,25904,52
2,coarse,2,16384,read_snap_short,25928,73
2,coarse,2,16384,write_heavy,25750,12
2,coarse,2,16384,write_snap_long,23618,72
2,coarse,4,1024,read_heavy,416286,1514
2,coarse,4,1024,read_snap_short,433672,6036
2,coarse,4,1024,write_heavy,494321,1285
2,coarse,4,1024,write_snap_long,430209,9566
2,coarse,4,16384,read_heavy,26168,69
2,coarse,4,16384,read_snap_short,26013,305
2,coarse,4,16384,write_heavy,25907,11
2,coarse,4,16384,write_snap_long,23778,67
2,coarse,8,1024,read_heavy,411613,5832
2,coarse,8,1024,read_snap_short,425645,2657
2,coarse,8,1024,write_heavy,486488,8332
2,coarse,8,1024,write_snap_long,425409,9182
2,coarse,8,16384,read_heavy,25886,72
2,coarse,8,16384,read_snap_short,25605,144
2,coarse,8,16384,write_heavy,25198,73
2,coarse,8,16384,write_snap_long,23216,135
2,coarse,16,1024,read_heavy,406356,319
2,coarse,16,1024,read_snap_short,417513,893
2,coarse,16,1024,write_heavy,469354,2047
2,coarse,16,1024,write_snap_long,414345,1847
2,coarse,16,16384,read_heavy,22907,140
2,coarse,16,16384,read_snap_short,22770,283
2,coarse,16,16384,write_heavy,22347,175
2,coarse,16,16384,write_snap_long,20461,358
2,coarse,24,1024,read_heavy,392511,12832
2,coarse,24,1024,read_snap_short,413416,4167
2,coarse,24,1024,write_heavy,438578,3319
2,coarse,24,1024,write_snap_long,405758,99
2,coarse,24,16384,read_heavy,21473,41
2,coarse,24,16384,read_snap_short,29381,14370
2,coarse,24,16384,write_heavy,20588,373
2,coarse,24,16384,write_snap_long,19271,144
2,coarse,32,1024,read_heavy,289711,3248
2,coarse,32,1024,read_snap_short,389671,3102
2,coarse,32,1024,write_heavy,376922,3647
2,coarse,32,1024,write_snap_long,386149,1825
2,coarse,32,16384,read_heavy,21693,80
2,coarse,32,16384,read_snap_short,21663,124
2,coarse,32,16384,write_heavy,21247,171
2,coarse,32,16384,write_snap_long,19655,173
2,coarse,48,1024,read_heavy,258382,81733
2,coarse,48,1024,read_snap_short,396004,14606
2,coarse,48,1024,write_heavy,435822,9923
2,coarse,48,1024,write_snap_long,397377,2656
2,coarse,48,16384,read_heavy,21541,24
2,coarse,48,16384,read_snap_short,21160,68
2,coarse,48,16384,write_heavy,21040,65
2,coarse,48,16384,write_snap_long,19107,108
2,coarse,64,1024,read_heavy,317103,4229
2,coarse,64,1024,read_snap_short,388596,2285
2,coarse,64,1024,write_heavy,385735,3301
2,coarse,64,1024,write_snap_long,390415,384
2,coarse,64,16384,read_heavy,21097,62
2,coarse,64,16384,read_snap_short,21121,235
2,coarse,64,16384,write_heavy,21080,246
2,coarse,64,16384,write_snap_long,19006,29
2,mvrlu,1,1024,read_heavy,257391,348
2,mvrlu,1,1024,read_snap_short,256245,177
2,mvrlu,1,1024,write_heavy,261857,56
2,mvrlu,1,1024,write_snap_long,232864,196
2,mvrlu,1,16384,read_heavy,5328,1
2,mvrlu,1,16384,read_snap_short,5199,9
2,mvrlu,1,16384,write_heavy,4654,4
2,mvrlu,1,16384,write_snap_long,4213,345
2,mvrlu,2,1024,read_heavy,517157,1389
2,mvrlu,2,1024,read_snap_short,494715,693
2,mvrlu,2,1024,write_heavy,467430,1670
2,mvrlu,2,1024,write_snap_long,433832,1264
2,mvrlu,2,16384,read_heavy,10837,5
2,mvrlu,2,16384,read_snap_short,10027,25
2,mvrlu,2,16384,write_heavy,9894,8
2,mvrlu,2,16384,write_snap_long,8319,30
2,mvrlu,4,1024,read_heavy,1030922,4818
2,mvrlu,4,1024,read_snap_short,989149,2293
2,mvrlu,4,1024,write_heavy,900184,676
2,mvrlu,4,1024,write_snap_long,851610,2056
2,mvrlu,4,16384,read_heavy,20773,98
2,mvrlu,4,16384,read_snap_short,20258,117
2,mvrlu,4,16384,write_heavy,19352,37
2,mvrlu,4,16384,write_snap_long,16739,19
2,mvrlu,8,1024,read_heavy,2000558,32933
2,mvrlu,8,1024,read_snap_short,1899455,3752
2,mvrlu,8,1024,write_heavy,1583257,4838
2,mvrlu,8,1024,write_snap_long,1565174,8458
2,mvrlu,8,16384,read_heavy,41036,160
2,mvrlu,8,16384,read_snap_short,39751,240
2,mvrlu,8,16384,write_heavy,37991,112
2,mvrlu,8,16384,write_snap_long,32428,63
2,mvrlu,16,1024,read_heavy,3932388,10498
2,mvrlu,16,1024,read_snap_short,3655861,33024
2,mvrlu,16,1024,write_heavy,2864045,46809
2,mvrlu,16,1024,write_snap_long,2906737,59738
2,mvrlu,16,16384,read_heavy,80718,317
2,mvrlu,16,16384,read_snap_short,76484,255
2,mvrlu,16,16384,write_heavy,74052,33
2,mvrlu,16,16384,write_snap_long,64490,29
2,mvrlu,24,1024,read_heavy,5804642,22916
2,mvrlu,24,1024,read_snap_short,5307016,33293
2,mvrlu,24,1024,write_heavy,3989393,17103
2,mvrlu,24,1024,write_snap_long,4080805,21812
2,mvrlu,24,16384,read_heavy,118165,394
2,mvrlu,24,16384,read_snap_short,112410,5
2,mvrlu,24,16384,write_heavy,107949,272
2,mvrlu,24,16384,write_snap_long,93304,213
2,mvrlu,32,1024,read_heavy,7584272,7834
2,mvrlu,32,1024,read_snap_short,6959451,72250
2,mvrlu,32,1024,write_heavy,5080575,48577
2,mvrlu,32,1024,write_snap_long,5337744,47996
2,mvrlu,32,16384,read_heavy,159370,531
2,mvrlu,32,16384,read_snap_short,149574,290
2,mvrlu,32,16384,write_heavy,143916,436
2,mvrlu,32,16384,write_snap_long,136553,21011
2,mvrlu,48,1024,read_heavy,10367773,94670
2,mvrlu,48,1024,read_snap_short,10278172,98305
2,mvrlu,48,1024,write_heavy,7269905,65520
2,mvrlu,48,1024,write_snap_long,7461171,230163
2,mvrlu,48,16384,read_heavy,236324,1151
2,mvrlu,48,16384,read_snap_short,223443,971
2,mvrlu,48,16384,write_heavy,226960,13113
2,mvrlu,48,16384,write_snap_long,188594,882
2,mvrlu,64,1024,read_heavy,13428327,39947
2,mvrlu,64,1024,read_snap_short,12016824,91483
2,mvrlu,64,1024,write_heavy,7781546,61981
2,mvrlu,64,1024,write_snap_long,7996660,182481
2,mvrlu,64,16384,read_heavy,297037,1015
2,mvrlu,64,16384,read_snap_short,287818,3226
2,mvrlu,64,16384,write_heavy,279584,861
2,mvrlu,64,16384,write_snap_long,244094,1931
2,vcas,1,1024,read_heavy,257082,140
2,vcas,1,1024,read_snap_short,247737,129
2,vcas,1,1024,write_heavy,231588,29
2,vcas,2,1024,read_heavy,509308,786
2,vcas,2,1024,read_snap_short,477257,2108
2,vcas,2,1024,write_heavy,420770,146
2,vcas,4,1024,read_heavy,1010336,1567
2,vcas,4,1024,read_snap_short,956303,863
2,vcas,4,1024,write_heavy,819278,1918
2,vcas,8,1024,read_heavy,1941284,33116
2,vcas,8,1024,read_snap_short,1835259,11993
2,vcas,8,1024,write_heavy,1476442,6459
2,vcas,16,1024,read_heavy,3877612,2416
2,vcas,16,1024,read_snap_short,3566402,15620
2,vcas,16,1024,write_heavy,2722449,38650
2,vcas,24,1024,read_heavy,5713188,11518
2,vcas,24,1024,read_snap_short,5149931,44450
2,vcas,24,1024,write_heavy,3826216,17558
2,vcas,32,1024,read_heavy,7483764,10082
2,vcas,32,1024,read_snap_short,6714825,59531
2,vcas,32,1024,write_heavy,4924831,84157
2,vcas,48,1024,read_heavy,10247690,40690
2,vcas,48,1024,write_heavy,6921857,47192
2,vcas,64,1024,read_heavy,12604613,179163
2,vcas,64,1024,write_heavy,7471958,19217
3,coarse,1,1024,read_heavy,987988,13296
3,coarse,1,1024,read_snap_short,976971,1607
3,coarse,1,1024,write_heavy,987254,2191
3,coarse,1,1024,write_snap_long,875765,424
3,coarse,1,16384,read_heavy,28151,7
3,coarse,1,16384,read_snap_short,27921,19
3,coarse,1,16384,write_heavy,27932,21
3,coarse,1,16384,write_snap_long,25404,13
3,coarse,2,1024,read_heavy,396074,5424
3,coarse,2,1024,read_snap_short,405929,3460
3,coarse,2,1024,write_heavy,470603,6642
3,coarse,2,1024,write_snap_long,416549,5650
3,coarse,2,16384,read_heavy,25984,24
3,coarse,2,16384,read_snap_short,25823,67
3,coarse,2,16384,write_heavy,25693,64
3,coarse,2,16384,write_snap_long,23668,12
3,coarse,4,1024,read_heavy,411841,4839
3,coarse,4,1024,read_snap_short,422007,6441
3,coarse,4,1024,write_heavy,477286,5923
3,coarse,4,1024,write_snap_long,420963,6090
3,coarse,4,16384,read_heavy,26113,57
3,coarse,4,16384,read_snap_short,25963,87
3,coarse,4,16384,write_heavy,25821,38
3,coarse,4,16384,write_snap_long,23643,25
3,coarse,8,1024,read_heavy,410321,2017
3,coarse,8,1024,read_snap_short,420948,3060
3,coarse,8,1024,write_heavy,473669,6635
3,coarse,8,1024,write_snap_long,415416,3951
3,coarse,8,16384,read_heavy,25748,102
3,coarse,8,16384,read_snap_short,25462,111
3,coarse,8,16384,write_heavy,25172,88
3,coarse,8,16384,write_snap_long,23143,35
3,coarse,16,1024,read_heavy,408182,3235
3,coarse,16,1024,read_snap_short,415940,1258
3,coarse,16,1024,write_heavy,464985,2688
3,coarse,16,1024,write_snap_long,408511,3326
3,coarse,16,16384,read_heavy,23458,192
3,coarse,16,16384,read_snap_short,22969,416
3,coarse,16,16384,write_heavy,22200,110
3,coarse,16,16384,write_snap_long,20146,127
3,coarse,24,1024,read_heavy,401390,4731
3,coarse,24,1024,read_snap_short,406287,1417
3,coarse,24,1024,write_heavy,444477,5962
3,coarse,24,1024,write_snap_long,398887,1719
3,coarse,24,16384,read_heavy,21376,406
3,coarse,24,16384,read_snap_short,21013,159
3,coarse,24,16384,write_heavy,20667,184
3,coarse,24,16384,write_snap_long,18943,237
3,coarse,32,1024,read_heavy,293010,11016
3,coarse,32,1024,read_snap_short,385459,5303
3,coarse,32,1024,write_heavy,430870,4883
3,coarse,32,1024,write_snap_long,379743,2802
3,coarse,32,16384,read_heavy,21612,174
3,coarse,32,16384,read_snap_short,21774,218
3,coarse,32,16384,write_heavy,21480,250
3,coarse,32,16384,write_snap_long,19482,252
3,coarse,48,1024,read_heavy,197758,23095
3,coarse,48,1024,read_snap_short,395688,3858
3,coarse,48,1024,write_heavy,435631,1902
3,coarse,48,1024,write_snap_long,382777,17335
3,coarse,48,16384,read_heavy,20871,67
3,coarse,48,16384,read_snap_short,29042,14401
3,coarse,48,16384,write_heavy,20318,61
3,coarse,48,16384,write_snap_long,18936,130
3,coarse,64,1024,read_heavy,319557,3723
3,coarse,64,1024,read_snap_short,345111,6204
3,coarse,64,1024,write_heavy,372938,5109
3,coarse,64,1024,write_snap_long,350438,4633
3,coarse,64,16384,read_heavy,29972,15683
3,coarse,64,16384,read_snap_short,21098,244
3,coarse,64,16384,write_heavy,20523,205
3,coarse,64,16384,write_snap_long,24043,9039
3,mvrlu,1,1024,read_heavy,254964,225
3,mvrlu,1,1024,read_snap_short,256306,202
3,mvrlu,1,1024,write_heavy,261227,266
3,mvrlu,1,1024,write_snap_long,233019,160
3,mvrlu,1,16384,read_heavy,5301,24
3,mvrlu,1,16384,read_snap_short,4888,24
3,mvrlu,1,16384,write_heavy,5234,2
3,mvrlu,1,16384,write_snap_long,4390,7
3,mvrlu,2,1024,read_heavy,512452,5438
3,mvrlu,2,1024,read_snap_short,477026,14935
3,mvrlu,2,1024,write_heavy,463128,9773
3,mvrlu,2,1024,write_snap_long,435036,904
3,mvrlu,2,16384,read_heavy,10802,13
3,mvrlu,2,16384,read_snap_short,10262,30
3,mvrlu,2,16384,write_heavy,10395,16
3,mvrlu,2,16384,write_snap_long,8921,18
3,mvrlu,4,1024,read_heavy,1018449,13117
3,mvrlu,4,1024,read_snap_short,935872,2053
3,mvrlu,4,1024,write_heavy,904446,3970
3,mvrlu,4,1024,write_snap_long,852322,1433
3,mvrlu,4,16384,read_heavy,21354,64
3,mvrlu,4,16384,read_snap_short,20454,10
3,mvrlu,4,16384,write_heavy,19528,17
3,mvrlu,4,16384,write_snap_long,17298,33
3,mvrlu,8,1024,read_heavy,1985420,28348
3,mvrlu,8,1024,read_snap_short,1793426,3783
3,mvrlu,8,1024,write_heavy,1594003,21514
3,mvrlu,8,1024,write_snap_long,1559799,7745
3,mvrlu,8,16384,read_heavy,40181,100
3,mvrlu,8,16384,read_snap_short,39212,257
3,mvrlu,8,16384,write_heavy,37924,397
3,mvrlu,8,16384,write_snap_long,33108,29
3,mvrlu,16,1024,read_heavy,3923040,21120
3,mvrlu,16,1024,read_snap_short,3477423,30921
3,mvrlu,16,1024,write_heavy,2859383,16799
3,mvrlu,16,1024,write_snap_long,2896451,10488
3,mvrlu,16,16384,read_heavy,79322,315
3,mvrlu,16,16384,read_snap_short,77006,187
3,mvrlu,16,16384,write_heavy,72909,186
3,mvrlu,16,16384,write_snap_long,75522,20432
3,mvrlu,24,1024,read_heavy,5804874,10993
3,mvrlu,24,1024,read_snap_short,5041126,23807
3,mvrlu,24,1024,write_heavy,3932892,57021
3,mvrlu,24,1024,write_snap_long,4030159,74325
3,mvrlu,24,16384,read_heavy,117268,212
3,mvrlu,24,16384,read_snap_short,111921,467
3,mvrlu,24,16384,write_heavy,107424,333
3,mvrlu,24,16384,write_snap_long,93441,176
3,mvrlu,32,1024,read_heavy,7531761,70178
3,mvrlu,32,1024,read_snap_short,6716771,10182
3,mvrlu,32,1024,write_heavy,5175365,94374
3,mvrlu,32,1024,write_snap_long,5244793,32291
3,mvrlu,32,16384,read_heavy,156416,435
3,mvrlu,32,16384,read_snap_short,148116,289
3,mvrlu,32,16384,write_heavy,152059,14292
3,mvrlu,32,16384,write_snap_long,124415,108
3,mvrlu,48,1024,read_heavy,10855860,539436
3,mvrlu,48,1024,read_snap_short,10022444,71635
3,mvrlu,48,1024,write_heavy,7239826,53096
3,mvrlu,48,1024,write_snap_long,7547076,47623
3,mvrlu,48,16384,read_heavy,235296,1471
3,mvrlu,48,16384,read_snap_short,223414,396
3,mvrlu,48,16384,write_heavy,214678,1173
3,mvrlu,48,16384,write_snap_long,186163,779
3,mvrlu,64,1024,read_heavy,13118485,190242
3,mvrlu,64,1024,read_snap_short,11701418,283937
3,mvrlu,64,1024,write_heavy,7764739,71731
3,mvrlu,64,1024,write_snap_long,8047319,209024
3,mvrlu,64,16384,read_heavy,307092,2312
3,mvrlu,64,16384,read_snap_short,287079,3464
3,mvrlu,64,16384,write_heavy,285023,2106
3,mvrlu,64,16384,write_snap_long,244035,1204
3,vcas,1,1024,read_heavy,256864,466
3,vcas,1,1024,read_snap_short,247624,77
3,vcas,1,1024,write_heavy,232039,215
3,vcas,2,1024,read_heavy,510520,720
3,vcas,2,1024,read_snap_short,476016,1671
3,vcas,2,1024,write_heavy,419950,817
3,vcas,4,1024,read_heavy,1009335,4186
3,vcas,4,1024,read_snap_short,951268,1695
3,vcas,4,1024,write_heavy,816704,4865
3,vcas,8,1024,read_heavy,1950675,52287
3,vcas,8,1024,read_snap_short,1835931,16977
3,vcas,8,1024,write_heavy,1474676,8992
3,vcas,16,1024,read_heavy,3867568,11627
3,vcas,16,1024,read_snap_short,3556852,6597
3,vcas,16,1024,write_heavy,2681484,23023
3,vcas,24,1024,read_heavy,5673170,4750
3,vcas,24,1024,read_snap_short,5190727,46034
3,vcas,24,1024,write_heavy,3775788,71990
3,vcas,32,1024,read_heavy,7452166,26025
3,vcas,32,1024,write_heavy,5023300,24253
3,vcas,48,1024,read_heavy,10446642,29188
3,vcas,48,1024,write_heavy,7088130,47777
3,vcas,64,1024,read_heavy,12875459,65633
3,vcas,64,1024,write_heavy,7557274,31968
4,coarse,1,1024,read_heavy,990708,14870
4,coarse,1,1024,read_snap_short,982850,1840
4,coarse,1,1024,write_heavy,986941,633
4,coarse,1,1024,write_snap_long,878889,989
4,coarse,1,16384,read_heavy,28105,5
4,coarse,1,16384,read_snap_short,27924,18
4,coarse,1,16384,write_heavy,27955,22
4,coarse,1,16384,write_snap_long,25418,19
4,coarse,2,1024,read_heavy,409520,6149
4,coarse,2,1024,read_snap_short,420825,3831
4,coarse,2,1024,write_heavy,484468,2176
4,coarse,2,1024,write_snap_long,418226,6171
4,coarse,2,16384,read_heavy,25880,62
4,coarse,2,16384,read_snap_short,25807,38
4,coarse,2,16384,write_heavy,25748,75
4,coarse,2,16384,write_snap_long,23461,74
4,coarse,4,1024,read_heavy,420332,5838
4,coarse,4,1024,read_snap_short,429778,3883
4,coarse,4,1024,write_heavy,491471,4219
4,coarse,4,1024,write_snap_long,426729,3464
4,coarse,4,16384,read_heavy,26295,47
4,coarse,4,16384,read_snap_short,26059,44
4,coarse,4,16384,write_heavy,25798,273
4,coarse,4,16384,write_snap_long,23784,54
4,coarse,8,1024,read_heavy,414505,3859
4,coarse,8,1024,read_snap_short,424529,3531
4,coarse,8,1024,write_heavy,485452,6981
4,coarse,8,1024,write_snap_long,421155,3016
4,coarse,8,16384,read_heavy,25862,114
4,coarse,8,16384,read_snap_short,25689,111
4,coarse,8,16384,write_heavy,25464,70
4,coarse,8,16384,write_snap_long,23302,49
4,coarse,16,1024,read_heavy,408709,2524
4,coarse,16,1024,read_snap_short,418064,1562
4,coarse,16,1024,write_heavy,469062,4143
4,coarse,16,1024,write_snap_long,413679,2009
4,coarse,16,16384,read_heavy,23215,169
4,coarse,16,16384,read_snap_short,22707,241
4,coarse,16,16384,write_heavy,22531,282
4,coarse,16,16384,write_snap_long,20329,108
4,coarse,24,1024,read_heavy,403673,1015
4,coarse,24,1024,read_snap_short,414076,556
4,coarse,24,1024,write_heavy,456193,4482
4,coarse,24,1024,write_snap_long,405955,5611
4,coarse,24,16384,read_heavy,21240,161
4,coarse,24,16384,read_snap_short,21229,395
4,coarse,24,16384,write_heavy,20913,283
4,coarse,24,16384,write_snap_long,19214,182
4,coarse,32,1024,read_heavy,351890,6872
4,coarse,32,1024,read_snap_short,392847,1437
4,coarse,32,1024,write_heavy,413920,3785
4,coarse,32,1024,write_snap_long,390087,1436
4,coarse,32,16384,read_heavy,21732,132
4,coarse,32,16384,read_snap_short,21782,262
4,coarse,32,16384,write_heavy,21527,276
4,coarse,32,16384,write_snap_long,19778,107
4,coarse,48,1024,read_heavy,335916,3184
4,coarse,48,1024,read_snap_short,359435,25731
4,coarse,48,1024,write_heavy,442232,5284
4,coarse,48,1024,write_snap_long,398955,922
4,coarse,48,16384,read_heavy,31153,17117
4,coarse,48,16384,read_snap_short,21167,128
4,coarse,48,16384,write_heavy,20705,215
4,coarse,48,16384,write_snap_long,19324,431
4,coarse,64,1024,read_heavy,320289,7278
4,coarse,64,1024,read_snap_short,318259,4544
4,coarse,64,1024,write_heavy,387225,5191
4,coarse,64,1024,write_snap_long,360600,4234
4,coarse,64,16384,read_heavy,21054,98
4,coarse,64,16384,read_snap_short,21085,151
4,coarse,64,16384,write_heavy,25436,8596
4,coarse,64,16384,write_snap_long,19066,52
4,mvrlu,1,1024,read_heavy,255177,150
4,mvrlu,1,1024,read_snap_short,256437,213
4,mvrlu,1,1024,write_heavy,261629,444
4,mvrlu,1,1024,write_snap_long,233051,52
4,mvrlu,1,16384,read_heavy,4798,115
4,mvrlu,1,16384,read_snap_short,4727,10
4,mvrlu,1,16384,write_heavy,4791,248
4,mvrlu,1,16384,write_snap_long,4410,7
4,mvrlu,2,1024,read_heavy,513781,3774
4,mvrlu,2,1024,read_snap_short,495251,377
4,mvrlu,2,1024,write_heavy,467366,3992
4,mvrlu,2,1024,write_snap_long,434388,3515
4,mvrlu,2,16384,read_heavy,9472,274
4,mvrlu,2,16384,read_snap_short,9630,30
4,mvrlu,2,16384,write_heavy,9664,187
4,mvrlu,2,16384,write_snap_long,8620,27
4,mvrlu,4,1024,read_heavy,1017582,7551
4,mvrlu,4,1024,read_snap_short,990633,1454
4,mvrlu,4,1024,write_heavy,903936,2825
4,mvrlu,4,1024,write_snap_long,852851,2036
4,mvrlu,4,16384,read_heavy,19697,465
4,mvrlu,4,16384,read_snap_short,19862,319
4,mvrlu,4,16384,write_heavy,19048,19
4,mvrlu,4,16384,write_snap_long,17585,20
4,mvrlu,8,1024,read_heavy,2013526,6582
4,mvrlu,8,1024,read_snap_short,1901309,8163
4,mvrlu,8,1024,write_heavy,1589284,7357
4,mvrlu,8,1024,write_snap_long,1560406,11020
4,mvrlu,8,16384,read_heavy,38946,265
4,mvrlu,8,16384,read_snap_short,38200,110
4,mvrlu,8,16384,write_heavy,36538,138
4,mvrlu,8,16384,write_snap_long,33120,61
4,mvrlu,16,1024,read_heavy,3913915,44898
4,mvrlu,16,1024,read_snap_short,3642467,26519
4,mvrlu,16,1024,write_heavy,2812859,33338
4,mvrlu,16,1024,write_snap_long,2886496,22587
4,mvrlu,16,16384,read_heavy,78397,536
4,mvrlu,16,16384,read_snap_short,75214,243
4,mvrlu,16,16384,write_heavy,73225,170
4,mvrlu,16,16384,write_snap_long,63852,71
4,mvrlu,24,1024,read_heavy,5770819,26986
4,mvrlu,24,1024,read_snap_short,5284159,65600
4,mvrlu,24,1024,write_heavy,3862519,45172
4,mvrlu,24,1024,write_snap_long,4036060,53508
4,mvrlu,24,16384,read_heavy,115590,465
4,mvrlu,24,16384,read_snap_short,111918,1110
4,mvrlu,24,16384,write_heavy,107592,330
4,mvrlu,24,16384,write_snap_long,93608,406
4,mvrlu,32,1024,read_heavy,7684799,35532
4,mvrlu,32,1024,read_snap_short,6904260,30134
4,mvrlu,32,1024,write_heavy,5142508,59057
4,mvrlu,32,1024,write_snap_long,5185504,34782
4,mvrlu,32,16384,read_heavy,155178,328
4,mvrlu,32,16384,read_snap_short,149088,82
4,mvrlu,32,16384,write_heavy,144494,611
4,mvrlu,32,16384,write_snap_long,124694,315
4,mvrlu,48,1024,read_heavy,10594425,12569
4,mvrlu,48,1024,read_snap_short,10108892,145489
4,mvrlu,48,1024,write_heavy,7271135,139900
4,mvrlu,48,1024,write_snap_long,7498328,67285
4,mvrlu,48,16384,read_heavy,234861,1901
4,mvrlu,48,16384,read_snap_short,224884,808
4,mvrlu,48,16384,write_heavy,216605,480
4,mvrlu,48,16384,write_snap_long,190224,518
4,mvrlu,64,1024,read_heavy,13261601,786246
4,mvrlu,64,1024,read_snap_short,11687684,161973
4,mvrlu,64,1024,write_heavy,7563595,151098
4,mvrlu,64,1024,write_snap_long,8064662,214024
4,mvrlu,64,16384,read_heavy,310342,9076
4,mvrlu,64,16384,read_snap_short,285931,5061
4,mvrlu,64,16384,write_heavy,274549,5016
4,mvrlu,64,16384,write_snap_long,239237,1944
4,vcas,1,1024,read_heavy,257351,255
4,vcas,1,1024,read_snap_short,247687,207
4,vcas,1,1024,write_heavy,231591,67
4,vcas,2,1024,read_heavy,509970,1949
4,vcas,2,1024,read_snap_short,476958,1837
4,vcas,2,1024,write_heavy,421541,1050
4,vcas,4,1024,read_heavy,1008271,5978
4,vcas,4,1024,read_snap_short,954897,1723
4,vcas,4,1024,write_heavy,819091,2639
4,vcas,8,1024,read_heavy,1955190,39069
4,vcas,8,1024,read_snap_short,1838371,12345
4,vcas,8,1024,write_heavy,1463553,5688
4,vcas,16,1024,read_heavy,3879480,7851
4,vcas,16,1024,read_snap_short,3554743,30613
4,vcas,16,1024,write_heavy,2712451,49716
4,vcas,24,1024,read_heavy,5674828,75432
4,vcas,24,1024,read_snap_short,5173775,52960
4,vcas,24,1024,write_heavy,3758898,4941
4,vcas,32,1024,read_heavy,7465966,30683
4,vcas,32,1024,write_heavy,4989381,86229
4,vcas,48,1024,read_heavy,10916553,38506
4,vcas,48,1024,write_heavy,7219058,27052
4,vcas,64,1024,read_heavy,12934448,277982
4,vcas,64,1024,write_heavy,7553487,85382
5,coarse,1,1024,read_heavy,987960,12659
5,coarse,1,1024,read_snap_short,982015,3357
5,coarse,1,1024,write_heavy,987847,1307
5,coarse,1,1024,write_snap_long,878371,3022
5,coarse,1,16384,read_heavy,28080,29
5,coarse,1,16384,read_snap_short,27915,5
5,coarse,1,16384,write_heavy,27937,14
5,coarse,1,16384,write_snap_long,25414,19
5,coarse,2,1024,read_heavy,408357,6672
5,coarse,2,1024,read_snap_short,412673,1901
5,coarse,2,1024,write_heavy,484103,3333
5,coarse,2,1024,write_snap_long,421780,4311
5,coarse,2,16384,read_heavy,25862,50
5,coarse,2,16384,read_snap_short,25709,93
5,coarse,2,16384,write_heavy,25591,23
5,coarse,2,16384,write_snap_long,23547,42
5,coarse,4,1024,read_heavy,422637,4768
5,coarse,4,1024,read_snap_short,442082,4777
5,coarse,4,1024,write_heavy,492431,738
5,coarse,4,1024,write_snap_long,432523,1276
5,coarse,4,16384,read_heavy,26104,31
5,coarse,4,16384,read_snap_short,26047,24
5,coarse,4,16384,write_heavy,25831,17
5,coarse,4,16384,write_snap_long,23743,25
5,coarse,8,1024,read_heavy,410644,3019
5,coarse,8,1024,read_snap_short,426633,2678
5,coarse,8,1024,write_heavy,487519,6251
5,coarse,8,1024,write_snap_long,422645,4538
5,coarse,8,16384,read_heavy,25871,79
5,coarse,8,16384,read_snap_short,25628,49
5,coarse,8,16384,write_heavy,25340,89
5,coarse,8,16384,write_snap_long,23265,48
5,coarse,16,1024,read_heavy,408594,4395
5,coarse,16,1024,read_snap_short,420603,3330
5,coarse,16,1024,write_heavy,477608,6324
5,coarse,16,1024,write_snap_long,418352,2887
5,coarse,16,16384,read_heavy,23358,354
5,coarse,16,16384,read_snap_short,23063,170
5,coarse,16,16384,write_heavy,22396,142
5,coarse,16,16384,write_snap_long,20666,706
5,coarse,24,1024,read_heavy,404793,3049
5,coarse,24,1024,read_snap_short,408435,1564
5,coarse,24,1024,write_heavy,454407,6683
5,coarse,24,1024,write_snap_long,408108,3044
5,coarse,24,16384,read_heavy,31758,16923
5,coarse,24,16384,read_snap_short,21780,251
5,coarse,24,16384,write_heavy,21310,375
5,coarse,24,16384,write_snap_long,19408,154
5,coarse,32,1024,read_heavy,300501,3470
5,coarse,32,1024,read_snap_short,390975,3659
5,coarse,32,1024,write_heavy,402496,2079
5,coarse,32,1024,write_snap_long,392238,2919
5,coarse,32,16384,read_heavy,22418,71
5,coarse,32,16384,read_snap_short,22165,121
5,coarse,32,16384,write_heavy,21861,402
5,coarse,32,16384,write_snap_long,25301,9062
5,coarse,48,1024,read_heavy,216913,46200
5,coarse,48,1024,read_snap_short,404372,4151
5,coarse,48,1024,write_heavy,372398,1428
5,coarse,48,1024,write_snap_long,392124,5953
5,coarse,48,16384,read_heavy,21789,145
5,coarse,48,16384,read_snap_short,21751,178
5,coarse,48,16384,write_heavy,21249,171
5,coarse,48,16384,write_snap_long,19721,60
5,coarse,64,1024,read_heavy,324020,544
5,coarse,64,1024,read_snap_short,393584,2673
5,coarse,64,1024,write_heavy,388133,3970
5,coarse,64,1024,write_snap_long,384406,2846
5,coarse,64,16384,read_heavy,21674,152
5,coarse,64,16384,read_snap_short,21746,324
5,coarse,64,16384,write_heavy,21302,132
5,coarse,64,16384,write_snap_long,19702,190
5,mvrlu,1,1024,read_heavy,256666,92
5,mvrlu,1,1024,read_snap_short,256345,89
5,mvrlu,1,1024,write_heavy,260551,431
5,mvrlu,1,1024,write_snap_long,233165,99
5,mvrlu,1,16384,read_heavy,4869,131
5,mvrlu,1,16384,read_snap_short,4767,14
5,mvrlu,1,16384,write_heavy,4755,6
5,mvrlu,1,16384,write_snap_long,4103,55
5,mvrlu,2,1024,read_heavy,516639,1624
5,mvrlu,2,1024,read_snap_short,493331,2242
5,mvrlu,2,1024,write_heavy,468114,3162
5,mvrlu,2,1024,write_snap_long,434199,429
5,mvrlu,2,16384,read_heavy,9548,36
5,mvrlu,2,16384,read_snap_short,9468,88
5,mvrlu,2,16384,write_heavy,9264,19
5,mvrlu,2,16384,write_snap_long,8044,12
5,mvrlu,4,1024,read_heavy,1027618,1145
5,mvrlu,4,1024,read_snap_short,987275,1195
5,mvrlu,4,1024,write_heavy,906673,2833
5,mvrlu,4,1024,write_snap_long,857161,1340
5,mvrlu,4,16384,read_heavy,19589,450
5,mvrlu,4,16384,read_snap_short,19033,77
5,mvrlu,4,16384,write_heavy,18398,58
5,mvrlu,4,16384,write_snap_long,16204,16
5,mvrlu,8,1024,read_heavy,2005019,22046
5,mvrlu,8,1024,read_snap_short,1893735,6195
5,mvrlu,8,1024,write_heavy,1602065,12173
5,mvrlu,8,1024,write_snap_long,1560716,4508
5,mvrlu,8,16384,read_heavy,39769,38
5,mvrlu,8,16384,read_snap_short,38739,31
5,mvrlu,8,16384,write_heavy,37458,389
5,mvrlu,8,16384,write_snap_long,32990,216
5,mvrlu,16,1024,read_heavy,3939061,10856
5,mvrlu,16,1024,read_snap_short,3645750,17536
5,mvrlu,16,1024,write_heavy,2909558,11016
5,mvrlu,16,1024,write_snap_long,2849908,18417
5,mvrlu,16,16384,read_heavy,78447,187
5,mvrlu,16,16384,read_snap_short,75635,194
5,mvrlu,16,16384,write_heavy,72957,67
5,mvrlu,16,16384,write_snap_long,64015,27
5,mvrlu,24,1024,read_heavy,5776907,15457
5,mvrlu,24,1024,read_snap_short,5221444,29774
5,mvrlu,24,1024,write_heavy,3957874,68843
5,mvrlu,24,1024,write_snap_long,3979631,62170
5,mvrlu,24,16384,read_heavy,116835,2009
5,mvrlu,24,16384,read_snap_short,110356,329
5,mvrlu,24,16384,write_heavy,107342,675
5,mvrlu,24,16384,write_snap_long,93161,73
5,mvrlu,32,1024,read_heavy,7362347,63124
5,mvrlu,32,1024,read_snap_short,6913337,50002
5,mvrlu,32,1024,write_heavy,4922912,81619
5,mvrlu,32,1024,write_snap_long,5180058,106067
5,mvrlu,32,16384,read_heavy,155001,500
5,mvrlu,32,16384,read_snap_short,148137,546
5,mvrlu,32,16384,write_heavy,143305,649
5,mvrlu,32,16384,write_snap_long,124102,338
5,mvrlu,48,1024,read_heavy,9846833,88661
5,mvrlu,48,1024,read_snap_short,10270570,74502
5,mvrlu,48,1024,write_heavy,7054631,216545
5,mvrlu,48,1024,write_snap_long,7601051,138710
5,mvrlu,48,16384,read_heavy,231920,752
5,mvrlu,48,16384,read_snap_short,222898,1108
5,mvrlu,48,16384,write_heavy,216238,385
5,mvrlu,48,16384,write_snap_long,188824,303
5,mvrlu,64,1024,read_heavy,12414826,229924
5,mvrlu,64,1024,read_snap_short,12099130,176927
5,mvrlu,64,1024,write_heavy,7589429,250566
5,mvrlu,64,1024,write_snap_long,7962862,68739
5,mvrlu,64,16384,read_heavy,300051,1611
5,mvrlu,64,16384,read_snap_short,286570,2676
5,mvrlu,64,16384,write_heavy,284402,1711
5,mvrlu,64,16384,write_snap_long,243789,3424
5,vcas,1,1024,read_heavy,256992,73
5,vcas,1,1024,read_snap_short,247764,313
5,vcas,1,1024,write_heavy,231627,102
5,vcas,2,1024,read_heavy,509419,2377
5,vcas,2,1024,read_snap_short,476930,1228
5,vcas,2,1024,write_heavy,420350,747
5,vcas,4,1024,read_heavy,1007633,4482
5,vcas,4,1024,read_snap_short,948318,3244
5,vcas,4,1024,write_heavy,818145,676
5,vcas,8,1024,read_heavy,1945275,34435
5,vcas,8,1024,read_snap_short,1830557,9097
5,vcas,8,1024,write_heavy,1472414,9729
5,vcas,16,1024,read_heavy,3865492,10493
5,vcas,16,1024,read_snap_short,3547571,17499
5,vcas,16,1024,write_heavy,2664052,39824
5,vcas,24,1024,read_heavy,5676896,13561
5,vcas,24,1024,read_snap_short,5117181,36487
5,vcas,24,1024,write_heavy,3777187,45977
5,vcas,32,1024,read_heavy,7439594,11028
5,vcas,32,1024,write_heavy,4972840,66590
5,vcas,48,1024,read_heavy,10295198,39261
5,vcas,48,1024,write_heavy,7042275,130662
5,vcas,64,1024,read_heavy,12945865,253562
5,vcas,64,1024,write_heavy,7463404,50797
