run,impl,threads,size,mix,mean_ops_per_sec
1,mvrlu-tree,1,1024,read_heavy,7193035
1,mvrlu-tree,1,1024,read_snap_short,3594440
1,mvrlu-tree,1,1024,write_heavy,5574948
1,mvrlu-tree,1,1024,write_snap_long,705662
1,mvrlu-tree,1,16384,read_heavy,2710944
1,mvrlu-tree,1,16384,read_snap_short,1168994
1,mvrlu-tree,1,16384,write_heavy,2383625
1,mvrlu-tree,1,16384,write_snap_long,10503
1,mvrlu-tree,2,1024,read_heavy,11207876
1,mvrlu-tree,2,1024,read_snap_short,5648269
1,mvrlu-tree,2,1024,write_heavy,5559524
1,mvrlu-tree,2,1024,write_snap_long,1107994
1,mvrlu-tree,2,16384,read_heavy,5244732
1,mvrlu-tree,2,16384,read_snap_short,2264743
1,mvrlu-tree,2,16384,write_heavy,3990885
1,mvrlu-tree,2,16384,write_snap_long,20541
1,mvrlu-tree,4,1024,read_heavy,21204666
1,mvrlu-tree,4,1024,read_snap_short,10325594
1,mvrlu-tree,4,1024,write_heavy,7762062
1,mvrlu-tree,4,1024,write_snap_long,1994716
1,mvrlu-tree,4,16384,read_heavy,10340632
1,mvrlu-tree,4,16384,read_snap_short,4493879
1,mvrlu-tree,4,16384,write_heavy,7499731
1,mvrlu-tree,4,16384,write_snap_long,43342
1,mvrlu-tree,8,1024,read_heavy,36815824
1,mvrlu-tree,8,1024,read_snap_short,14961528
1,mvrlu-tree,8,1024,write_heavy,11791978
1,mvrlu-tree,8,1024,write_snap_long,3155334
1,mvrlu-tree,8,16384,read_heavy,17641283
1,mvrlu-tree,8,16384,read_snap_short,8613349
1,mvrlu-tree,8,16384,write_heavy,9518524
1,mvrlu-tree,8,16384,write_snap_long,83717
1,mvrlu-tree,16,1024,read_heavy,56423801
1,mvrlu-tree,16,1024,read_snap_short,24880351
1,mvrlu-tree,16,1024,write_heavy,15235501
1,mvrlu-tree,16,1024,write_snap_long,5245246
1,mvrlu-tree,16,16384,read_heavy,32367108
1,mvrlu-tree,16,16384,read_snap_short,16524266
1,mvrlu-tree,16,16384,write_heavy,12777429
1,mvrlu-tree,16,16384,write_snap_long,165569
1,mvrlu-tree,24,1024,read_heavy,60322026
1,mvrlu-tree,24,1024,read_snap_short,36869032
1,mvrlu-tree,24,1024,write_heavy,25761001
1,mvrlu-tree,24,1024,write_snap_long,7245171
1,mvrlu-tree,24,16384,read_heavy,37873797
1,mvrlu-tree,24,16384,read_snap_short,25240333
1,mvrlu-tree,24,16384,write_heavy,19696339
1,mvrlu-tree,24,16384,write_snap_long,245350
1,mvrlu-tree,32,1024,read_heavy,92353870
1,mvrlu-tree,32,1024,read_snap_short,48223395
1,mvrlu-tree,32,1024,write_heavy,23951250
1,mvrlu-tree,32,1024,write_snap_long,7986255
1,mvrlu-tree,32,16384,read_heavy,63833147
1,mvrlu-tree,32,16384,read_snap_short,31495487
1,mvrlu-tree,32,16384,write_heavy,25302273
1,mvrlu-tree,32,16384,write_snap_long,307412
1,mvrlu-tree,48,1024,read_heavy,147039898
1,mvrlu-tree,48,1024,read_snap_short,58627928
1,mvrlu-tree,48,1024,write_heavy,38020065
1,mvrlu-tree,48,1024,write_snap_long,8643365
1,mvrlu-tree,48,16384,read_heavy,107882811
1,mvrlu-tree,48,16384,read_snap_short,44952117
1,mvrlu-tree,48,16384,write_heavy,32782323
1,mvrlu-tree,48,16384,write_snap_long,429699
1,mvrlu-tree,64,1024,read_heavy,133474911
1,mvrlu-tree,64,1024,read_snap_short,50832717
1,mvrlu-tree,64,1024,write_heavy,20616781
1,mvrlu-tree,64,1024,write_snap_long,9695493
1,mvrlu-tree,64,16384,read_heavy,120783830
1,mvrlu-tree,64,16384,read_snap_short,35908736
1,mvrlu-tree,64,16384,write_heavy,21448641
1,mvrlu-tree,64,16384,write_snap_long,587450
1,vcas-tree,1,1024,read_heavy,6816965
1,vcas-tree,1,1024,read_snap_short,3028390
1,vcas-tree,1,1024,write_heavy,5229090
1,vcas-tree,1,1024,write_snap_long,551869
1,vcas-tree,1,16384,read_heavy,2408478
1,vcas-tree,1,16384,read_snap_short,1221443
1,vcas-tree,1,16384,write_heavy,2057289
1,vcas-tree,1,16384,write_snap_long,11019
1,vcas-tree,2,1024,read_heavy,10712768
1,vcas-tree,2,1024,read_snap_short,4975988
1,vcas-tree,2,1024,write_heavy,6129502
1,vcas-tree,2,1024,write_snap_long,895673
1,vcas-tree,2,16384,read_heavy,4830832
1,vcas-tree,2,16384,read_snap_short,2334215
1,vcas-tree,2,16384,write_heavy,3834680
1,vcas-tree,2,16384,write_snap_long,20252
1,vcas-tree,4,1024,read_heavy,20409663
1,vcas-tree,4,1024,read_snap_short,9014575
1,vcas-tree,4,1024,write_heavy,10119716
1,vcas-tree,4,1024,write_snap_long,1602503
1,vcas-tree,4,16384,read_heavy,9641597
1,vcas-tree,4,16384,read_snap_short,4471694
1,vcas-tree,4,16384,write_heavy,7287331
1,vcas-tree,4,16384,write_snap_long,43425
1,vcas-tree,8,1024,read_heavy,31612275
1,vcas-tree,8,1024,read_snap_short,13856932
1,vcas-tree,8,1024,write_heavy,15583593
1,vcas-tree,8,1024,write_snap_long,2522473
1,vcas-tree,8,16384,read_heavy,17874601
1,vcas-tree,8,16384,read_snap_short,7940590
1,vcas-tree,8,16384,write_heavy,12294500
1,vcas-tree,8,16384,write_snap_long,84822
1,vcas-tree,16,1024,read_heavy,63248583
1,vcas-tree,16,1024,read_snap_short,23947505
1,vcas-tree,16,1024,write_heavy,25879618
1,vcas-tree,16,1024,write_snap_long,4063937
1,vcas-tree,16,16384,read_heavy,36157234
1,vcas-tree,16,16384,read_snap_short,15284789
1,vcas-tree,16,16384,write_heavy,22831964
1,vcas-tree,16,16384,write_snap_long,169272
1,vcas-tree,24,1024,read_heavy,94878120
1,vcas-tree,24,1024,read_snap_short,25245958
1,vcas-tree,24,1024,write_heavy,40218762
1,vcas-tree,24,1024,write_snap_long,5741403
1,vcas-tree,24,16384,read_heavy,55290805
1,vcas-tree,24,16384,read_snap_short,20421866
1,vcas-tree,24,16384,write_heavy,34339028
1,vcas-tree,24,16384,write_snap_long,251197
1,vcas-tree,32,1024,read_heavy,122954737
1,vcas-tree,32,1024,read_snap_short,34637574
1,vcas-tree,32,1024,write_heavy,44676370
1,vcas-tree,32,1024,write_snap_long,6826022
1,vcas-tree,32,16384,read_heavy,71855156
1,vcas-tree,32,16384,read_snap_short,27270263
1,vcas-tree,32,16384,write_heavy,44447620
1,vcas-tree,32,16384,write_snap_long,313064
1,vcas-tree,48,1024,read_heavy,171594358
1,vcas-tree,48,1024,read_snap_short,38812640
1,vcas-tree,48,1024,write_heavy,61424878
1,vcas-tree,48,1024,write_snap_long,8758357
1,vcas-tree,48,16384,read_heavy,106154023
1,vcas-tree,48,16384,read_snap_short,41812408
1,vcas-tree,48,16384,write_heavy,59504857
1,vcas-tree,48,16384,write_snap_long,429347
1,vcas-tree,64,1024,read_heavy,184112224
1,vcas-tree,64,1024,read_snap_short,30203939
1,vcas-tree,64,1024,write_heavy,51809910
1,vcas-tree,64,1024,write_snap_long,9649768
1,vcas-tree,64,16384,read_heavy,118432908
1,vcas-tree,64,16384,read_snap_short,29986137
1,vcas-tree,64,16384,write_heavy,64441698
1,vcas-tree,64,16384,write_snap_long,591573
2,mvrlu-tree,1,1024,read_heavy,7190302
2,mvrlu-tree,1,1024,read_snap_short,3611765
2,mvrlu-tree,1,1024,write_heavy,5572947
2,mvrlu-tree,1,1024,write_snap_long,708199
2,mvrlu-tree,1,16384,read_heavy,2663888
2,mvrlu-tree,1,16384,read_snap_short,1290464
2,mvrlu-tree,1,16384,write_heavy,2343824
2,mvrlu-tree,1,16384,write_snap_long,11822
2,mvrlu-tree,2,1024,read_heavy,11083310
2,mvrlu-tree,2,1024,read_snap_short,5659225
2,mvrlu-tree,2,1024,write_heavy,5569237
2,mvrlu-tree,2,1024,write_snap_long,1108271
2,mvrlu-tree,2,16384,read_heavy,5168788
2,mvrlu-tree,2,16384,read_snap_short,2478606
2,mvrlu-tree,2,16384,write_heavy,4070856
2,mvrlu-tree,2,16384,write_snap_long,22567
2,mvrlu-tree,4,1024,read_heavy,20976404
2,mvrlu-tree,4,1024,read_snap_short,10626167
2,mvrlu-tree,4,1024,write_heavy,8969058
2,mvrlu-tree,4,1024,write_snap_long,1979995
2,mvrlu-tree,4,16384,read_heavy,10261724
2,mvrlu-tree,4,16384,read_snap_short,4926613
2,mvrlu-tree,4,16384,write_heavy,6711131
2,mvrlu-tree,4,16384,write_snap_long,46907
2,mvrlu-tree,8,1024,read_heavy,34477569
2,mvrlu-tree,8,1024,read_snap_short,16626000
2,mvrlu-tree,8,1024,write_heavy,11335004
2,mvrlu-tree,8,1024,write_snap_long,3062357
2,mvrlu-tree,8,16384,read_heavy,18299107
2,mvrlu-tree,8,16384,read_snap_short,8730219
2,mvrlu-tree,8,16384,write_heavy,9203398
2,mvrlu-tree,8,16384,write_snap_long,91821
2,mvrlu-tree,16,1024,read_heavy,54680961
2,mvrlu-tree,16,1024,read_snap_short,25027622
2,mvrlu-tree,16,1024,write_heavy,16530506
2,mvrlu-tree,16,1024,write_snap_long,5117600
2,mvrlu-tree,16,16384,read_heavy,34117317
2,mvrlu-tree,16,16384,read_snap_short,17258139
2,mvrlu-tree,16,16384,write_heavy,16124832
2,mvrlu-tree,16,16384,write_snap_long,179686
2,mvrlu-tree,24,1024,read_heavy,72881167
2,mvrlu-tree,24,1024,read_snap_short,37669301
2,mvrlu-tree,24,1024,write_heavy,24169660
2,mvrlu-tree,24,1024,write_snap_long,6892831
2,mvrlu-tree,24,16384,read_heavy,42227126
2,mvrlu-tree,24,16384,read_snap_short,24316596
2,mvrlu-tree,24,16384,write_heavy,17700108
2,mvrlu-tree,24,16384,write_snap_long,267958
2,mvrlu-tree,32,1024,read_heavy,87006360
2,mvrlu-tree,32,1024,read_snap_short,45457632
2,mvrlu-tree,32,1024,write_heavy,30601426
2,mvrlu-tree,32,1024,write_snap_long,7107103
2,mvrlu-tree,32,16384,read_heavy,53048373
2,mvrlu-tree,32,16384,read_snap_short,28648189
2,mvrlu-tree,32,16384,write_heavy,20859461
2,mvrlu-tree,32,16384,write_snap_long,333693
2,mvrlu-tree,48,1024,read_heavy,130904475
2,mvrlu-tree,48,1024,read_snap_short,57398571
2,mvrlu-tree,48,1024,write_heavy,24496048
2,mvrlu-tree,48,1024,write_snap_long,9216178
2,mvrlu-tree,48,16384,read_heavy,75772156
2,mvrlu-tree,48,16384,read_snap_short,41913345
2,mvrlu-tree,48,16384,write_heavy,33245651
2,mvrlu-tree,48,16384,write_snap_long,459515
2,mvrlu-tree,64,1024,read_heavy,115404427
2,mvrlu-tree,64,1024,read_snap_short,44813987
2,mvrlu-tree,64,1024,write_heavy,25980004
2,mvrlu-tree,64,1024,write_snap_long,10086271
2,mvrlu-tree,64,16384,read_heavy,102035176
2,mvrlu-tree,64,16384,read_snap_short,45566164
2,mvrlu-tree,64,16384,write_heavy,27745347
2,mvrlu-tree,64,16384,write_snap_long,633858
2,vcas-tree,1,1024,read_heavy,6727592
2,vcas-tree,1,1024,read_snap_short,2928756
2,vcas-tree,1,1024,write_heavy,5182401
2,vcas-tree,1,1024,write_snap_long,564075
2,vcas-tree,1,16384,read_heavy,2416327
2,vcas-tree,1,16384,read_snap_short,1157232
2,vcas-tree,1,16384,write_heavy,2072195
2,vcas-tree,1,16384,write_snap_long,10739
2,vcas-tree,2,1024,read_heavy,10888607
2,vcas-tree,2,1024,read_snap_short,5034161
2,vcas-tree,2,1024,write_heavy,6055325
2,vcas-tree,2,1024,write_snap_long,909133
2,vcas-tree,2,16384,read_heavy,4956861
2,vcas-tree,2,16384,read_snap_short,2255921
2,vcas-tree,2,16384,write_heavy,3895979
2,vcas-tree,2,16384,write_snap_long,21356
2,vcas-tree,4,1024,read_heavy,20788605
2,vcas-tree,4,1024,read_snap_short,9314180
2,vcas-tree,4,1024,write_heavy,10155543
2,vcas-tree,4,1024,write_snap_long,1636606
2,vcas-tree,4,16384,read_heavy,9574263
2,vcas-tree,4,16384,read_snap_short,4562260
2,vcas-tree,4,16384,write_heavy,7362146
2,vcas-tree,4,16384,write_snap_long,43401
2,vcas-tree,8,1024,read_heavy,35200061
2,vcas-tree,8,1024,read_snap_short,14345680
2,vcas-tree,8,1024,write_heavy,14153030
2,vcas-tree,8,1024,write_snap_long,2562351
2,vcas-tree,8,16384,read_heavy,18880604
2,vcas-tree,8,16384,read_snap_short,7841231
2,vcas-tree,8,16384,write_heavy,11855332
2,vcas-tree,8,16384,write_snap_long,84412
2,vcas-tree,16,1024,read_heavy,64771030
2,vcas-tree,16,1024,read_snap_short,24630555
2,vcas-tree,16,1024,write_heavy,26116168
2,vcas-tree,16,1024,write_snap_long,4119793
2,vcas-tree,16,16384,read_heavy,36271898
2,vcas-tree,16,16384,read_snap_short,17108196
2,vcas-tree,16,16384,write_heavy,23151959
2,vcas-tree,16,16384,write_snap_long,169169
2,vcas-tree,24,1024,read_heavy,90884839
2,vcas-tree,24,1024,read_snap_short,32052444
2,vcas-tree,24,1024,write_heavy,37551709
2,vcas-tree,24,1024,write_snap_long,5579389
2,vcas-tree,24,16384,read_heavy,55889139
2,vcas-tree,24,16384,read_snap_short,21658090
2,vcas-tree,24,16384,write_heavy,35351903
2,vcas-tree,24,16384,write_snap_long,248325
2,vcas-tree,32,1024,read_heavy,110614662
2,vcas-tree,32,1024,read_snap_short,39966041
2,vcas-tree,32,1024,write_heavy,45835731
2,vcas-tree,32,1024,write_snap_long,6735185
2,vcas-tree,32,16384,read_heavy,72416994
2,vcas-tree,32,16384,read_snap_short,28315254
2,vcas-tree,32,16384,write_heavy,43325691
2,vcas-tree,32,16384,write_snap_long,312700
2,vcas-tree,48,1024,read_heavy,171736964
2,vcas-tree,48,1024,read_snap_short,36335831
2,vcas-tree,48,1024,write_heavy,60447100
2,vcas-tree,48,1024,write_snap_long,8691806
2,vcas-tree,48,16384,read_heavy,106794853
2,vcas-tree,48,16384,read_snap_short,37780722
2,vcas-tree,48,16384,write_heavy,60441686
2,vcas-tree,48,16384,write_snap_long,416701
2,vcas-tree,64,1024,read_heavy,178121843
2,vcas-tree,64,1024,read_snap_short,31715616
2,vcas-tree,64,1024,write_heavy,48375252
2,vcas-tree,64,1024,write_snap_long,9653547
2,vcas-tree,64,16384,read_heavy,122324192
2,vcas-tree,64,16384,read_snap_short,34882247
2,vcas-tree,64,16384,write_heavy,55236231
2,vcas-tree,64,16384,write_snap_long,587309
3,mvrlu-tree,1,1024,read_heavy,7195107
3,mvrlu-tree,1,1024,read_snap_short,3585832
3,mvrlu-tree,1,1024,write_heavy,5593353
3,mvrlu-tree,1,1024,write_snap_long,697162
3,mvrlu-tree,1,16384,read_heavy,2688451
3,mvrlu-tree,1,16384,read_snap_short,1325739
3,mvrlu-tree,1,16384,write_heavy,2275104
3,mvrlu-tree,1,16384,write_snap_long,11523
3,mvrlu-tree,2,1024,read_heavy,10964240
3,mvrlu-tree,2,1024,read_snap_short,5629290
3,mvrlu-tree,2,1024,write_heavy,5945643
3,mvrlu-tree,2,1024,write_snap_long,1094598
3,mvrlu-tree,2,16384,read_heavy,5157023
3,mvrlu-tree,2,16384,read_snap_short,2452608
3,mvrlu-tree,2,16384,write_heavy,3916691
3,mvrlu-tree,2,16384,write_snap_long,22640
3,mvrlu-tree,4,1024,read_heavy,20314047
3,mvrlu-tree,4,1024,read_snap_short,9836438
3,mvrlu-tree,4,1024,write_heavy,8057977
3,mvrlu-tree,4,1024,write_snap_long,1829222
3,mvrlu-tree,4,16384,read_heavy,10154691
3,mvrlu-tree,4,16384,read_snap_short,4727784
3,mvrlu-tree,4,16384,write_heavy,6827176
3,mvrlu-tree,4,16384,write_snap_long,46644
3,mvrlu-tree,8,1024,read_heavy,31636430
3,mvrlu-tree,8,1024,read_snap_short,14310140
3,mvrlu-tree,8,1024,write_heavy,9843970
3,mvrlu-tree,8,1024,write_snap_long,2723580
3,mvrlu-tree,8,16384,read_heavy,17936885
3,mvrlu-tree,8,16384,read_snap_short,9033266
3,mvrlu-tree,8,16384,write_heavy,9387714
3,mvrlu-tree,8,16384,write_snap_long,89838
3,mvrlu-tree,16,1024,read_heavy,47781318
3,mvrlu-tree,16,1024,read_snap_short,24572093
3,mvrlu-tree,16,1024,write_heavy,19935229
3,mvrlu-tree,16,1024,write_snap_long,4350337
3,mvrlu-tree,16,16384,read_heavy,35577081
3,mvrlu-tree,16,16384,read_snap_short,16521777
3,mvrlu-tree,16,16384,write_heavy,11747633
3,mvrlu-tree,16,16384,write_snap_long,181199
3,mvrlu-tree,24,1024,read_heavy,75155311
3,mvrlu-tree,24,1024,read_snap_short,35238843
3,mvrlu-tree,24,1024,write_heavy,17934665
3,mvrlu-tree,24,1024,write_snap_long,5892038
3,mvrlu-tree,24,16384,read_heavy,43783456
3,mvrlu-tree,24,16384,read_snap_short,26524403
3,mvrlu-tree,24,16384,write_heavy,16709115
3,mvrlu-tree,24,16384,write_snap_long,269340
3,mvrlu-tree,32,1024,read_heavy,97248779
3,mvrlu-tree,32,1024,read_snap_short,44559782
3,mvrlu-tree,32,1024,write_heavy,27475158
3,mvrlu-tree,32,1024,write_snap_long,7065064
3,mvrlu-tree,32,16384,read_heavy,64741599
3,mvrlu-tree,32,16384,read_snap_short,29933805
3,mvrlu-tree,32,16384,write_heavy,22852174
3,mvrlu-tree,32,16384,write_snap_long,335344
3,mvrlu-tree,48,1024,read_heavy,125015464
3,mvrlu-tree,48,1024,read_snap_short,55093714
3,mvrlu-tree,48,1024,write_heavy,31474623
3,mvrlu-tree,48,1024,write_snap_long,9174918
3,mvrlu-tree,48,16384,read_heavy,104565156
3,mvrlu-tree,48,16384,read_snap_short,44678288
3,mvrlu-tree,48,16384,write_heavy,29167325
3,mvrlu-tree,48,16384,write_snap_long,457462
3,mvrlu-tree,64,1024,read_heavy,107630285
3,mvrlu-tree,64,1024,read_snap_short,43330241
3,mvrlu-tree,64,1024,write_heavy,20836459
3,mvrlu-tree,64,1024,write_snap_long,10211331
3,mvrlu-tree,64,16384,read_heavy,93545652
3,mvrlu-tree,64,16384,read_snap_short,47006677
3,mvrlu-tree,64,16384,write_heavy,25656246
3,mvrlu-tree,64,16384,write_snap_long,621383
3,vcas-tree,1,1024,read_heavy,6728561
3,vcas-tree,1,1024,read_snap_short,2924155
3,vcas-tree,1,1024,write_heavy,5106663
3,vcas-tree,1,1024,write_snap_long,546189
3,vcas-tree,1,16384,read_heavy,2480965
3,vcas-tree,1,16384,read_snap_short,1225452
3,vcas-tree,1,16384,write_heavy,2077347
3,vcas-tree,1,16384,write_snap_long,10298
3,vcas-tree,2,1024,read_heavy,10745276
3,vcas-tree,2,1024,read_snap_short,5043046
3,vcas-tree,2,1024,write_heavy,6085427
3,vcas-tree,2,1024,write_snap_long,865526
3,vcas-tree,2,16384,read_heavy,4797009
3,vcas-tree,2,16384,read_snap_short,2324488
3,vcas-tree,2,16384,write_heavy,4014085
3,vcas-tree,2,16384,write_snap_long,21619
3,vcas-tree,4,1024,read_heavy,20342422
3,vcas-tree,4,1024,read_snap_short,8972764
3,vcas-tree,4,1024,write_heavy,9468437
3,vcas-tree,4,1024,write_snap_long,1599462
3,vcas-tree,4,16384,read_heavy,9555650
3,vcas-tree,4,16384,read_snap_short,4506921
3,vcas-tree,4,16384,write_heavy,7325743
3,vcas-tree,4,16384,write_snap_long,43388
3,vcas-tree,8,1024,read_heavy,35136623
3,vcas-tree,8,1024,read_snap_short,13076516
3,vcas-tree,8,1024,write_heavy,15362556
3,vcas-tree,8,1024,write_snap_long,2459047
3,vcas-tree,8,16384,read_heavy,18305368
3,vcas-tree,8,16384,read_snap_short,8266212
3,vcas-tree,8,16384,write_heavy,12385103
3,vcas-tree,8,16384,write_snap_long,83629
3,vcas-tree,16,1024,read_heavy,65016961
3,vcas-tree,16,1024,read_snap_short,23480606
3,vcas-tree,16,1024,write_heavy,26712994
3,vcas-tree,16,1024,write_snap_long,4009733
3,vcas-tree,16,16384,read_heavy,36807352
3,vcas-tree,16,16384,read_snap_short,15936924
3,vcas-tree,16,16384,write_heavy,23798673
3,vcas-tree,16,16384,write_snap_long,169468
3,vcas-tree,24,1024,read_heavy,93916547
3,vcas-tree,24,1024,read_snap_short,34303293
3,vcas-tree,24,1024,write_heavy,37412118
3,vcas-tree,24,1024,write_snap_long,5643296
3,vcas-tree,24,16384,read_heavy,55879145
3,vcas-tree,24,16384,read_snap_short,23911184
3,vcas-tree,24,16384,write_heavy,34161878
3,vcas-tree,24,16384,write_snap_long,251386
3,vcas-tree,32,1024,read_heavy,121305690
3,vcas-tree,32,1024,read_snap_short,38368864
3,vcas-tree,32,1024,write_heavy,45983360
3,vcas-tree,32,1024,write_snap_long,6683210
3,vcas-tree,32,16384,read_heavy,73821208
3,vcas-tree,32,16384,read_snap_short,25724059
3,vcas-tree,32,16384,write_heavy,40847609
3,vcas-tree,32,16384,write_snap_long,315512
3,vcas-tree,48,1024,read_heavy,166873396
3,vcas-tree,48,1024,read_snap_short,29236458
3,vcas-tree,48,1024,write_heavy,63244302
3,vcas-tree,48,1024,write_snap_long,8651780
3,vcas-tree,48,16384,read_heavy,110248389
3,vcas-tree,48,16384,read_snap_short,38322561
3,vcas-tree,48,16384,write_heavy,63137287
3,vcas-tree,48,16384,write_snap_long,435284
3,vcas-tree,64,1024,read_heavy,191475056
3,vcas-tree,64,1024,read_snap_short,32718078
3,vcas-tree,64,1024,write_heavy,53794796
3,vcas-tree,64,1024,write_snap_long,9676239
3,vcas-tree,64,16384,read_heavy,133558977
3,vcas-tree,64,16384,read_snap_short,29354294
3,vcas-tree,64,16384,write_heavy,59782956
3,vcas-tree,64,16384,write_snap_long,566118
4,mvrlu-tree,1,1024,read_heavy,7193305
4,mvrlu-tree,1,1024,read_snap_short,3568329
4,mvrlu-tree,1,1024,write_heavy,5594717
4,mvrlu-tree,1,1024,write_snap_long,703535
4,mvrlu-tree,1,16384,read_heavy,2687007
4,mvrlu-tree,1,16384,read_snap_short,1211911
4,mvrlu-tree,1,16384,write_heavy,2322041
4,mvrlu-tree,1,16384,write_snap_long,10004
4,mvrlu-tree,2,1024,read_heavy,10965501
4,mvrlu-tree,2,1024,read_snap_short,5714448
4,mvrlu-tree,2,1024,write_heavy,5840910
4,mvrlu-tree,2,1024,write_snap_long,1090737
4,mvrlu-tree,2,16384,read_heavy,5257324
4,mvrlu-tree,2,16384,read_snap_short,2390345
4,mvrlu-tree,2,16384,write_heavy,3967793
4,mvrlu-tree,2,16384,write_snap_long,19565
4,mvrlu-tree,4,1024,read_heavy,20866295
4,mvrlu-tree,4,1024,read_snap_short,10202477
4,mvrlu-tree,4,1024,write_heavy,8897307
4,mvrlu-tree,4,1024,write_snap_long,1964451
4,mvrlu-tree,4,16384,read_heavy,10440449
4,mvrlu-tree,4,16384,read_snap_short,4667617
4,mvrlu-tree,4,16384,write_heavy,7114568
4,mvrlu-tree,4,16384,write_snap_long,42065
4,mvrlu-tree,8,1024,read_heavy,34064410
4,mvrlu-tree,8,1024,read_snap_short,15786193
4,mvrlu-tree,8,1024,write_heavy,9934816
4,mvrlu-tree,8,1024,write_snap_long,3037239
4,mvrlu-tree,8,16384,read_heavy,18462401
4,mvrlu-tree,8,16384,read_snap_short,8487142
4,mvrlu-tree,8,16384,write_heavy,9015592
4,mvrlu-tree,8,16384,write_snap_long,84117
4,mvrlu-tree,16,1024,read_heavy,38427947
4,mvrlu-tree,16,1024,read_snap_short,26811019
4,mvrlu-tree,16,1024,write_heavy,13705985
4,mvrlu-tree,16,1024,write_snap_long,5112192
4,mvrlu-tree,16,16384,read_heavy,34380109
4,mvrlu-tree,16,16384,read_snap_short,15978422
4,mvrlu-tree,16,16384,write_heavy,15141129
4,mvrlu-tree,16,16384,write_snap_long,169302
4,mvrlu-tree,24,1024,read_heavy,72704871
4,mvrlu-tree,24,1024,read_snap_short,37038318
4,mvrlu-tree,24,1024,write_heavy,18833501
4,mvrlu-tree,24,1024,write_snap_long,5994352
4,mvrlu-tree,24,16384,read_heavy,49522962
4,mvrlu-tree,24,16384,read_snap_short,23975494
4,mvrlu-tree,24,16384,write_heavy,17102489
4,mvrlu-tree,24,16384,write_snap_long,251586
4,mvrlu-tree,32,1024,read_heavy,98477262
4,mvrlu-tree,32,1024,read_snap_short,44423956
4,mvrlu-tree,32,1024,write_heavy,25279152
4,mvrlu-tree,32,1024,write_snap_long,6946259
4,mvrlu-tree,32,16384,read_heavy,56434816
4,mvrlu-tree,32,16384,read_snap_short,27652899
4,mvrlu-tree,32,16384,write_heavy,24466796
4,mvrlu-tree,32,16384,write_snap_long,318368
4,mvrlu-tree,48,1024,read_heavy,104368518
4,mvrlu-tree,48,1024,read_snap_short,50960235
4,mvrlu-tree,48,1024,write_heavy,33821828
4,mvrlu-tree,48,1024,write_snap_long,8852078
4,mvrlu-tree,48,16384,read_heavy,67648058
4,mvrlu-tree,48,16384,read_snap_short,35550871
4,mvrlu-tree,48,16384,write_heavy,30635137
4,mvrlu-tree,48,16384,write_snap_long,437350
4,mvrlu-tree,64,1024,read_heavy,115967151
4,mvrlu-tree,64,1024,read_snap_short,47586716
4,mvrlu-tree,64,1024,write_heavy,29576431
4,mvrlu-tree,64,1024,write_snap_long,9776355
4,mvrlu-tree,64,16384,read_heavy,110855909
4,mvrlu-tree,64,16384,read_snap_short,39442651
4,mvrlu-tree,64,16384,write_heavy,22602506
4,mvrlu-tree,64,16384,write_snap_long,580379
4,vcas-tree,1,1024,read_heavy,6721903
4,vcas-tree,1,1024,read_snap_short,2910626
4,vcas-tree,1,1024,write_heavy,5241502
4,vcas-tree,1,1024,write_snap_long,551847
4,vcas-tree,1,16384,read_heavy,2587147
4,vcas-tree,1,16384,read_snap_short,1203952
4,vcas-tree,1,16384,write_heavy,2257616
4,vcas-tree,1,16384,write_snap_long,10459
4,vcas-tree,2,1024,read_heavy,10977074
4,vcas-tree,2,1024,read_snap_short,4943273
4,vcas-tree,2,1024,write_heavy,6107941
4,vcas-tree,2,1024,write_snap_long,893597
4,vcas-tree,2,16384,read_heavy,5032951
4,vcas-tree,2,16384,read_snap_short,2264892
4,vcas-tree,2,16384,write_heavy,3968514
4,vcas-tree,2,16384,write_snap_long,20896
4,vcas-tree,4,1024,read_heavy,20636005
4,vcas-tree,4,1024,read_snap_short,9248613
4,vcas-tree,4,1024,write_heavy,9502738
4,vcas-tree,4,1024,write_snap_long,1599923
4,vcas-tree,4,16384,read_heavy,9807841
4,vcas-tree,4,16384,read_snap_short,4684933
4,vcas-tree,4,16384,write_heavy,7579289
4,vcas-tree,4,16384,write_snap_long,42798
4,vcas-tree,8,1024,read_heavy,35410813
4,vcas-tree,8,1024,read_snap_short,13158835
4,vcas-tree,8,1024,write_heavy,15110267
4,vcas-tree,8,1024,write_snap_long,2453825
4,vcas-tree,8,16384,read_heavy,18278527
4,vcas-tree,8,16384,read_snap_short,7902436
4,vcas-tree,8,16384,write_heavy,11662380
4,vcas-tree,8,16384,write_snap_long,86159
4,vcas-tree,16,1024,read_heavy,67199007
4,vcas-tree,16,1024,read_snap_short,26362697
4,vcas-tree,16,1024,write_heavy,28327063
4,vcas-tree,16,1024,write_snap_long,4059537
4,vcas-tree,16,16384,read_heavy,38010345
4,vcas-tree,16,16384,read_snap_short,16187802
4,vcas-tree,16,16384,write_heavy,23525833
4,vcas-tree,16,16384,write_snap_long,174396
4,vcas-tree,24,1024,read_heavy,86483483
4,vcas-tree,24,1024,read_snap_short,35191047
4,vcas-tree,24,1024,write_heavy,35135559
4,vcas-tree,24,1024,write_snap_long,5653088
4,vcas-tree,24,16384,read_heavy,54850082
4,vcas-tree,24,16384,read_snap_short,22745843
4,vcas-tree,24,16384,write_heavy,33244109
4,vcas-tree,24,16384,write_snap_long,264250
4,vcas-tree,32,1024,read_heavy,123503940
4,vcas-tree,32,1024,read_snap_short,36692113
4,vcas-tree,32,1024,write_heavy,43959496
4,vcas-tree,32,1024,write_snap_long,6790377
4,vcas-tree,32,16384,read_heavy,72801942
4,vcas-tree,32,16384,read_snap_short,28148932
4,vcas-tree,32,16384,write_heavy,42155886
4,vcas-tree,32,16384,write_snap_long,319324
4,vcas-tree,48,1024,read_heavy,159676127
4,vcas-tree,48,1024,read_snap_short,45367392
4,vcas-tree,48,1024,write_heavy,58715360
4,vcas-tree,48,1024,write_snap_long,8755745
4,vcas-tree,48,16384,read_heavy,109715579
4,vcas-tree,48,16384,read_snap_short,31203653
4,vcas-tree,48,16384,write_heavy,60255201
4,vcas-tree,48,16384,write_snap_long,428160
4,vcas-tree,64,1024,read_heavy,180006699
4,vcas-tree,64,1024,read_snap_short,32142023
4,vcas-tree,64,1024,write_heavy,54041362
4,vcas-tree,64,1024,write_snap_long,9712175
4,vcas-tree,64,16384,read_heavy,131918093
4,vcas-tree,64,16384,read_snap_short,31880492
4,vcas-tree,64,16384,write_heavy,63017712
4,vcas-tree,64,16384,write_snap_long,576735
5,mvrlu-tree,1,1024,read_heavy,7192087
5,mvrlu-tree,1,1024,read_snap_short,3571189
5,mvrlu-tree,1,1024,write_heavy,5587131
5,mvrlu-tree,1,1024,write_snap_long,703466
5,mvrlu-tree,1,16384,read_heavy,2622695
5,mvrlu-tree,1,16384,read_snap_short,1230953
5,mvrlu-tree,1,16384,write_heavy,2328966
5,mvrlu-tree,1,16384,write_snap_long,11962
5,mvrlu-tree,2,1024,read_heavy,11092159
5,mvrlu-tree,2,1024,read_snap_short,5643756
5,mvrlu-tree,2,1024,write_heavy,5424198
5,mvrlu-tree,2,1024,write_snap_long,1111514
5,mvrlu-tree,2,16384,read_heavy,5110367
5,mvrlu-tree,2,16384,read_snap_short,2353961
5,mvrlu-tree,2,16384,write_heavy,4087387
5,mvrlu-tree,2,16384,write_snap_long,22368
5,mvrlu-tree,4,1024,read_heavy,21035750
5,mvrlu-tree,4,1024,read_snap_short,10363893
5,mvrlu-tree,4,1024,write_heavy,8193004
5,mvrlu-tree,4,1024,write_snap_long,1977790
5,mvrlu-tree,4,16384,read_heavy,10064898
5,mvrlu-tree,4,16384,read_snap_short,4914697
5,mvrlu-tree,4,16384,write_heavy,7254737
5,mvrlu-tree,4,16384,write_snap_long,46101
5,mvrlu-tree,8,1024,read_heavy,29110409
5,mvrlu-tree,8,1024,read_snap_short,15075548
5,mvrlu-tree,8,1024,write_heavy,10336688
5,mvrlu-tree,8,1024,write_snap_long,3067426
5,mvrlu-tree,8,16384,read_heavy,18313985
5,mvrlu-tree,8,16384,read_snap_short,8616507
5,mvrlu-tree,8,16384,write_heavy,10444569
5,mvrlu-tree,8,16384,write_snap_long,89292
5,mvrlu-tree,16,1024,read_heavy,50471937
5,mvrlu-tree,16,1024,read_snap_short,27795098
5,mvrlu-tree,16,1024,write_heavy,19754021
5,mvrlu-tree,16,1024,write_snap_long,4202075
5,mvrlu-tree,16,16384,read_heavy,28677499
5,mvrlu-tree,16,16384,read_snap_short,17458471
5,mvrlu-tree,16,16384,write_heavy,20032415
5,mvrlu-tree,16,16384,write_snap_long,180609
5,mvrlu-tree,24,1024,read_heavy,89200107
5,mvrlu-tree,24,1024,read_snap_short,36607537
5,mvrlu-tree,24,1024,write_heavy,22378953
5,mvrlu-tree,24,1024,write_snap_long,5883340
5,mvrlu-tree,24,16384,read_heavy,41554752
5,mvrlu-tree,24,16384,read_snap_short,26066509
5,mvrlu-tree,24,16384,write_heavy,13969906
5,mvrlu-tree,24,16384,write_snap_long,266783
5,mvrlu-tree,32,1024,read_heavy,98311563
5,mvrlu-tree,32,1024,read_snap_short,45710740
5,mvrlu-tree,32,1024,write_heavy,28472000
5,mvrlu-tree,32,1024,write_snap_long,7071244
5,mvrlu-tree,32,16384,read_heavy,66933546
5,mvrlu-tree,32,16384,read_snap_short,34025480
5,mvrlu-tree,32,16384,write_heavy,25824823
5,mvrlu-tree,32,16384,write_snap_long,334053
5,mvrlu-tree,48,1024,read_heavy,136860754
5,mvrlu-tree,48,1024,read_snap_short,56073629
5,mvrlu-tree,48,1024,write_heavy,29766755
5,mvrlu-tree,48,1024,write_snap_long,9241119
5,mvrlu-tree,48,16384,read_heavy,76058575
5,mvrlu-tree,48,16384,read_snap_short,46860336
5,mvrlu-tree,48,16384,write_heavy,33068143
5,mvrlu-tree,48,16384,write_snap_long,454575
5,mvrlu-tree,64,1024,read_heavy,97936977
5,mvrlu-tree,64,1024,read_snap_short,39129090
5,mvrlu-tree,64,1024,write_heavy,29045513
5,mvrlu-tree,64,1024,write_snap_long,10238878
5,mvrlu-tree,64,16384,read_heavy,68576742
5,mvrlu-tree,64,16384,read_snap_short,38115585
5,mvrlu-tree,64,16384,write_heavy,33005016
5,mvrlu-tree,64,16384,write_snap_long,616137
5,vcas-tree,1,1024,read_heavy,6832450
5,vcas-tree,1,1024,read_snap_short,2917555
5,vcas-tree,1,1024,write_heavy,5119579
5,vcas-tree,1,1024,write_snap_long,557207
5,vcas-tree,1,16384,read_heavy,2471011
5,vcas-tree,1,16384,read_snap_short,1156260
5,vcas-tree,1,16384,write_heavy,2048171
5,vcas-tree,1,16384,write_snap_long,10907
5,vcas-tree,2,1024,read_heavy,10791350
5,vcas-tree,2,1024,read_snap_short,4946707
5,vcas-tree,2,1024,write_heavy,5941868
5,vcas-tree,2,1024,write_snap_long,879077
5,vcas-tree,2,16384,read_heavy,4821317
5,vcas-tree,2,16384,read_snap_short,2290240
5,vcas-tree,2,16384,write_heavy,3940952
5,vcas-tree,2,16384,write_snap_long,20910
5,vcas-tree,4,1024,read_heavy,20489446
5,vcas-tree,4,1024,read_snap_short,9227923
5,vcas-tree,4,1024,write_heavy,9900566
5,vcas-tree,4,1024,write_snap_long,1594073
5,vcas-tree,4,16384,read_heavy,9559975
5,vcas-tree,4,16384,read_snap_short,4606346
5,vcas-tree,4,16384,write_heavy,7385455
5,vcas-tree,4,16384,write_snap_long,42940
5,vcas-tree,8,1024,read_heavy,35350263
5,vcas-tree,8,1024,read_snap_short,13267574
5,vcas-tree,8,1024,write_heavy,14566658
5,vcas-tree,8,1024,write_snap_long,2479358
5,vcas-tree,8,16384,read_heavy,18633486
5,vcas-tree,8,16384,read_snap_short,7946389
5,vcas-tree,8,16384,write_heavy,12169039
5,vcas-tree,8,16384,write_snap_long,83924
5,vcas-tree,16,1024,read_heavy,64832737
5,vcas-tree,16,1024,read_snap_short,24995700
5,vcas-tree,16,1024,write_heavy,26910146
5,vcas-tree,16,1024,write_snap_long,4001585
5,vcas-tree,16,16384,read_heavy,36386736
5,vcas-tree,16,16384,read_snap_short,16808774
5,vcas-tree,16,16384,write_heavy,24432839
5,vcas-tree,16,16384,write_snap_long,168161
5,vcas-tree,24,1024,read_heavy,94402203
5,vcas-tree,24,1024,read_snap_short,30008640
5,vcas-tree,24,1024,write_heavy,36963922
5,vcas-tree,24,1024,write_snap_long,5500545
5,vcas-tree,24,16384,read_heavy,54823792
5,vcas-tree,24,16384,read_snap_short,23417817
5,vcas-tree,24,16384,write_heavy,33900573
5,vcas-tree,24,16384,write_snap_long,249458
5,vcas-tree,32,1024,read_heavy,123611471
5,vcas-tree,32,1024,read_snap_short,36412739
5,vcas-tree,32,1024,write_heavy,44552214
5,vcas-tree,32,1024,write_snap_long,6618943
5,vcas-tree,32,16384,read_heavy,71098187
5,vcas-tree,32,16384,read_snap_short,31019419
5,vcas-tree,32,16384,write_heavy,42188097
5,vcas-tree,32,16384,write_snap_long,312408
5,vcas-tree,48,1024,read_heavy,168035809
5,vcas-tree,48,1024,read_snap_short,33001666
5,vcas-tree,48,1024,write_heavy,60159658
5,vcas-tree,48,1024,write_snap_long,8573425
5,vcas-tree,48,16384,read_heavy,109961411
5,vcas-tree,48,16384,read_snap_short,36389415
5,vcas-tree,48,16384,write_heavy,58222659
5,vcas-tree,48,16384,write_snap_long,435742
5,vcas-tree,64,1024,read_heavy,189932732
5,vcas-tree,64,1024,read_snap_short,31408956
5,vcas-tree,64,1024,write_heavy,52255694
5,vcas-tree,64,1024,write_snap_long,9652436
5,vcas-tree,64,16384,read_heavy,135665459
5,vcas-tree,64,16384,read_snap_short,33436154
5,vcas-tree,64,16384,write_heavy,55982841
5,vcas-tree,64,16384,write_snap_long,588914
